"","PC1","PC2","PC3","Symbol"
"ENSBTAG00000005005",0.229164578317776,0.0117383400904758,-0.0202483039159951,"CSN1S2"
"ENSBTAG00000013417",0.202078789296208,0.00431430837175615,-0.00807471786784725,"GLYCAM1"
"ENSBTAG00000005859",0.202640669901165,-0.0234567300313916,-0.0512895294445205,"LALBA"
"ENSBTAG00000007695",0.181934741806183,0.0473815921769105,-0.076381544239715,"CSN1S1"
"ENSBTAG00000002632",0.169958159734053,0.042057163729737,-0.0676304220064384,"CSN2"
"ENSBTAG00000014678",0.149802729393406,0.0807015904937146,-0.0903464549942627,"PAEP"
"ENSBTAG00000021565",-0.0316981109674988,-0.185952148990352,-0.162078439226221,"PRSS2"
"ENSBTAG00000048250",0.149190079687141,-0.0394638919709178,-0.0504787174836658,"HSTN"
"ENSBTAG00000012780",0.129727462816038,-0.0543408616971723,0.0502919109408788,"LPO"
"ENSBTAG00000009656",0.0144029439686899,-0.0945788928440186,-0.136569360153973,"BOLA-DQA2"
"ENSBTAG00000016819",0.125759203124828,-0.00595476652011109,0.00927236331762488,"FABP3"
"ENSBTAG00000027126",0.119656430590015,-0.00418505401246171,-0.0532666139871856,"MUC15"
"ENSBTAG00000031753",0.104461620064509,0.0646309501814711,-0.0577166695524178,"BTN1A1"
"ENSBTAG00000006263",0.105028919745881,-0.0296213400105674,-0.00345125517653846,"GP2"
"ENSBTAG00000012918",0.103248446175441,-0.0432412824638695,0.0283147393484453,"CRISP3"
"ENSBTAG00000054586",-0.00555544229063834,-0.164094137239509,-0.0470691225483425,"LOC112444971"
"ENSBTAG00000049191",-0.0199395924562486,-0.121732629214124,-0.0516875687544085,"LOC112443690"
"ENSBTAG00000046547",0.101863517096342,-0.0277522794497242,0.0160128351229596,"CIDEA"
"ENSBTAG00000017104",0.0987178933431376,0.000546926403135143,0.0217103459449894,"MUC1"
"ENSBTAG00000039787",0.0978544574487523,0.0112592081851832,0.0207210977301407,"CSN3"
"ENSBTAG00000012855",0.0939719660496542,-0.0432990306902711,-0.0351540419940232,"LPL"
"ENSBTAG00000007080",0.000622936489446216,-0.115023452551416,-0.00608531180715358,"PREB"
"ENSBTAG00000049572",0.0641431243604912,-0.0637776304256898,0.147179542911051,"LOC616478"
"ENSBTAG00000011402",0.0919262768574394,-0.0418159410644031,-0.0392114488012137,"LOC516849"
"ENSBTAG00000017561",0.0863124280682605,0.0618569527111248,-0.038819891530269,"HHIPL2"
"ENSBTAG00000002097",0.0916721874474616,-0.0324738199004067,-0.0340461854535873,"TMC5"
"ENSBTAG00000008793",0.0919148042566752,0.000697143893920378,-0.00865195951773702,"RNASE1"
"ENSBTAG00000013929",0.0883006364473213,-0.0220348975691153,0.0245120901642103,"RRAD"
"ENSBTAG00000011990",0.0867904822670556,-0.0288791212485879,-0.0268028222807615,"ALOX15"
"ENSBTAG00000046084",-0.000605080925195238,0.00940034791975415,0.0612097330116325,"MGC151921"
"ENSBTAG00000014149",0.0182948440515105,-0.0610017555837308,0.194470987653635,"LCN2"
"ENSBTAG00000017704",0.0835993756287966,-0.0201028521567006,-0.042506179604532,"ABCG2"
"ENSBTAG00000051641",0.000541785942648726,-0.0914943175505279,0.0283894056342094,"MUCL1"
"ENSBTAG00000016305",0.0830398095288745,0.00125744580027194,-0.034562469593885,"ATP13A4"
"ENSBTAG00000021007",0.0759152095299197,0.0370869997883239,-0.0250774508948765,"FOLR1"
"ENSBTAG00000054069",-0.0678377834307101,-0.0532020207953306,-0.00536212398430574,"CRNN"
"ENSBTAG00000000309",-0.0240261567518451,-0.0246944954085146,0.00557103355938831,"PTPRT"
"ENSBTAG00000010932",0.0726515560968915,-0.0565477819081855,-0.0295256454118613,"DNAJC12"
"ENSBTAG00000012794",0.0769259223148756,0.0299600094533594,-0.0521620793246411,"PAH"
"ENSBTAG00000004789",-0.0509382075756729,0.0935453459509638,0.00424960840239591,"LGR6"
"ENSBTAG00000037605",-0.000897482029357881,0.00139426585950952,0.197557517581036,"LOC100848815"
"ENSBTAG00000035926",0.00133980987212504,-0.0630953959335597,-0.0488597374506586,NA
"ENSBTAG00000055240",0.0457309266867066,0.0245915011594035,0.18124272424203,"IGHG1"
"ENSBTAG00000052382",0.0631685171180842,-0.0729181601941592,-0.00496130655602623,"H2BC20"
"ENSBTAG00000038532",0.0756506405395615,0.00457919294788559,0.00656429694495543,"FOLR3"
"ENSBTAG00000019716",0.0585185914517473,-0.0746796087755285,0.000193415550729776,"CXCL8"
"ENSBTAG00000011917",0.0673598040417992,-0.0425186702947233,-0.0578151417061388,"GPAM"
"ENSBTAG00000005675",-0.0600114900974112,-0.0576326151993007,-0.0249523824420981,"SLC44A4"
"ENSBTAG00000047700",0.0510689587578019,0.00313787282428221,0.094724120767368,NA
"ENSBTAG00000006689",0.0715801162837384,-0.0270485807913648,-0.0366784710393256,"TECTB"
"ENSBTAG00000006810",0.0679799768658582,-0.041334932846727,0.022178470515017,"ODAM"
"ENSBTAG00000016820",-0.033555547451951,-0.0772228100268188,-0.0327856772000439,"BDA20"
"ENSBTAG00000038361",-0.0388739214227789,0.0877213857409388,-0.00140377204450439,"SERPINA11"
"ENSBTAG00000016127",0.0329712373962043,0.0827940041153322,-0.0386268399906587,"SPINT3"
"ENSBTAG00000055207",0.0675857250369895,0.00768327924023324,-0.0151189477690887,"SCD"
"ENSBTAG00000027513",0.0448357807564903,-0.0640101344597804,0.00279263640415411,"CXCL2"
"ENSBTAG00000045737",-0.0249796027989071,-0.0960381082651845,0.0482335917155236,"LOC785756"
"ENSBTAG00000021276",0.0581317734856637,0.0290854268451233,-0.00970951317739937,"TFF3"
"ENSBTAG00000016864",0.0519956441560177,-0.0426419198455591,0.0838381415145281,"LBP"
"ENSBTAG00000000945",0.0693221132397078,0.01199732358096,0.00902372060346389,"ATP2C2"
"ENSBTAG00000009602",0.0685187969341086,0.0152542891613963,-0.0328038753115834,"TMEM120B"
"ENSBTAG00000004547",0.0614237401439992,-0.0344207433076503,-0.0135537146266128,"OLR1"
"ENSBTAG00000015727",0.0224307151222546,0.00539154696992382,0.137349536018035,"IFI47"
"ENSBTAG00000037526",0.0635699813116366,0.0108188025442817,0.00164541542255398,"FABP4"
"ENSBTAG00000040460",-0.0377454418819313,-0.0794188336843837,0.0675636695844601,"KRT23"
"ENSBTAG00000015402",-0.0608657023120916,-0.0294235828882826,-0.0177772392083993,"GREB1"
"ENSBTAG00000032288",0.0589962495421409,0.0483742728557215,-0.020081405959327,"GCK"
"ENSBTAG00000002786",0.0224435607366095,0.00667589935738853,0.0362827812682383,"LOC781494"
"ENSBTAG00000006355",0.0634005459113908,0.0112597845774321,-0.0243251419364873,"SLC30A2"
"ENSBTAG00000009145",0.0639983607740375,0.00496877564151563,-0.00372267325875896,"SLC7A4"
"ENSBTAG00000008832",0.0562334293423425,0.00279881419980711,0.0178757374072939,"CCL1"
"ENSBTAG00000049929",-0.0426464122127872,-0.0363249361160719,0.0654331129480881,"LOC781146"
"ENSBTAG00000013027",-0.0338793306638369,-0.0769505268311402,0.0143594893578176,"CCK"
"ENSBTAG00000038128",0.0102761072078414,-0.0179765294115575,-0.130323886645405,"BOLA-DQA5"
"ENSBTAG00000013303",0.0619494365302388,0.000309406095916567,0.0102602549155905,"ACSS2"
"ENSBTAG00000022564",-0.0072305103182847,-0.106385190623378,-0.0255203811888141,"AKR1C4"
"ENSBTAG00000012393",0.0299492262348994,0.0358517255989222,0.0381253769956126,"AGT"
"ENSBTAG00000015059",-0.00471656323244411,-0.0843319997036361,0.048478190774378,"MMP13"
"ENSBTAG00000002779",-0.0555960064526295,0.00864066046354521,-0.0427305503317817,"GABRP"
"ENSBTAG00000011671",0.0533785425678909,-0.0542343072256829,-0.0113127373907582,NA
"ENSBTAG00000012628",0.0509959229358243,0.0369390391521387,-0.0693605929722082,"SLC1A2"
"ENSBTAG00000038476",0.0364731137300372,-0.0447700859050374,-0.0128659555475912,NA
"ENSBTAG00000002669",0.062587370248243,0.0185855074555623,-0.013231917767116,"RASSF4"
"ENSBTAG00000034372",0.046787443758869,0.00398151017615397,0.0771483023367223,"LOC104975830"
"ENSBTAG00000050723",0.0352918383169597,0.0218834925178767,0.126886896931408,NA
"ENSBTAG00000003408",0.0451625346723408,0.00477452806586208,0.125312479589724,NA
"ENSBTAG00000015081",0.010888161563887,-0.0608004792369986,0.00937471453078073,"PAXX"
"ENSBTAG00000048699",-0.000574588778588266,-0.0998711152445638,-0.0633291845038889,NA
"ENSBTAG00000019870",0.0540022637972196,0.0245644330481313,0.0071152156229512,"SLC14A1"
"ENSBTAG00000048135",0.0453517571093866,0.0249290179337654,0.122592854915429,"IGCGAMMA"
"ENSBTAG00000040019",-0.0339233670461587,-0.0782670319541843,0.000854663617030325,"KRT6C"
"ENSBTAG00000008509",0.0615577019319776,-0.0148267125639748,0.00237883899873998,"SLC38A3"
"ENSBTAG00000009064",0.0597549730578917,0.0129105573618615,0.0288067603896131,"CSF2RB"
"ENSBTAG00000006934",-0.0160478592831785,-0.0756571617820959,0.132210542586701,"CYP11A1"
"ENSBTAG00000019060",-0.01610089204125,-0.0305293023565545,0.0370493881910559,"CLDN11"
"ENSBTAG00000012419",0.0534340593983939,-0.0100692204585351,-0.0865862211731645,"BCL2L15"
"ENSBTAG00000002340",0.0554294109125553,-0.0415573709416954,0.0154278963932434,"STEAP4"
"ENSBTAG00000048029",0.0154011156247262,-0.0836301913415751,0.0589725900775228,"MMP1"
"ENSBTAG00000007159",-0.0226503484861118,-0.0995919723424158,0.0124390312473749,"ESR1"
"ENSBTAG00000004860",0.0447305523547572,-0.0461493291950932,-0.0448319349602178,"SLC27A6"
"ENSBTAG00000002765",0.0277330222383417,0.020961176294125,0.0780855445043899,"CYP24A1"
"ENSBTAG00000000735",0.0586239471025799,0.00653983294306825,0.0157175485761221,"BCL2A1"
"ENSBTAG00000001545",0.049500594406542,-0.0394828925912652,-0.0167412715724964,"SLC34A2"
"ENSBTAG00000012414",0.0576496969819101,-0.0214670300876298,-0.00791178436416099,"LOC782545"
"ENSBTAG00000011976",-0.00854759475711969,-0.071880909283174,0.0441208994027444,"CYP4B1"
"ENSBTAG00000015865",0.055374440705979,-0.0199427590026392,-0.0123839677464168,"CAPN14"
"ENSBTAG00000037778",0.0542554260812877,-0.0400678037961951,0.0165977122649695,"CXCL3"
"ENSBTAG00000005810",-0.0289738203665813,-0.0900160648343821,-0.0135001952275916,NA
"ENSBTAG00000021639",0.057098393828969,-0.0102867328086992,0.0230117111915625,"ARC"
"ENSBTAG00000017866",0.0587578206958668,-0.000350855995749482,-0.00382764161287813,"CD36"
"ENSBTAG00000049383",0.0511259138240357,-0.0438349004064552,-0.00336095163135906,"LSAMP"
"ENSBTAG00000001417",0.0220990180204378,-0.0768092586085373,-0.00566753533498777,"ACSM1"
"ENSBTAG00000010796",0.045296912224846,-0.0548404475267927,0.0268934114584798,"SPADH1"
"ENSBTAG00000008494",0.0532446975019577,0.038303696365773,-0.0428830220388798,"TMEM171"
"ENSBTAG00000016283",-0.0438216295049114,-0.067630477908348,0.0162954038361448,"TMEM63C"
"ENSBTAG00000012374",-0.0499285017039328,0.0414135759226726,0.0471623213821028,"MAB21L4"
"ENSBTAG00000009642",0.0209487490462426,-0.0537530271046975,0.0129034039814504,"AKAP5"
"ENSBTAG00000037558",0.0493184747372248,-0.0454379143404958,0.00872270912854053,"GRO1"
"ENSBTAG00000054092",-0.0235729809937593,-0.0663813209893609,0.0170536678552777,"LOC100294937"
"ENSBTAG00000027407",0.00428491225659142,0.0999387413992211,0.00290745834302516,"TNFRSF6B"
"ENSBTAG00000018531",0.0470919065187437,-0.0138514726428174,0.0520619749832165,"JCHAIN"
"ENSBTAG00000039657",0.0473041699990261,-0.0557787748693528,0.00294066520735508,"H2AC6"
"ENSBTAG00000003300",0.0559397222746138,-0.0222134864028011,-0.00724881140931207,"MFGE8"
"ENSBTAG00000004948",0.00365676129463961,-0.0721241960012969,0.0504035057783288,"LRATD1"
"ENSBTAG00000007307",0.0139773538994648,-0.0348997775768714,0.0821546121985099,"SELE"
"ENSBTAG00000000448",0.0501173504848079,-0.0380729394331951,-0.0174241680769933,"BDH1"
"ENSBTAG00000005945",0.056702185288889,-0.00569891249576995,-0.0168307970953873,"NXPE4"
"ENSBTAG00000050373",0.0400414553712752,-0.00793767256504249,0.101771426413711,NA
"ENSBTAG00000053542",0.000794863242253523,-0.0966036760012444,0.0142861666291541,"MMP12"
"ENSBTAG00000006745",0.0446448110138149,-0.0299172156286391,0.0094424709002487,"FGG"
"ENSBTAG00000032821",-0.031364240661722,-0.0754290961944962,0.00410625570266974,"SCEL"
"ENSBTAG00000005115",0.0560991436788672,-0.00976683967149399,-0.00280768492195341,"SLC31A2"
"ENSBTAG00000008129",-0.0235634207099586,-0.0276755556068492,0.104778557743866,"CLSTN3"
"ENSBTAG00000020895",-0.0517305754463923,-0.0220980058206662,0.0172268203782879,"LOXL4"
"ENSBTAG00000023026",-0.044371635463584,-0.0398575899913927,-0.0156325293682596,"LOC281376"
"ENSBTAG00000005603",0.0457534915467194,-0.0134253127926568,-0.0452551780179985,"CXCL11"
"ENSBTAG00000050859",-0.00174398062335465,0.0944821372336682,0.0380517314057043,NA
"ENSBTAG00000001592",0.0524072835577464,0.016531403561486,-0.0112262075273182,"INSIG1"
"ENSBTAG00000032051",-0.00932550628455905,-0.0937714095810946,0.0247956629355928,"SULT1C4"
"ENSBTAG00000035379",0.00396502910071752,-0.0881663589947486,-0.0365024089460603,"LOC511386"
"ENSBTAG00000046773",0.0484202485026024,0.0301097990395699,-0.0383699249203188,"MCOLN2"
"ENSBTAG00000047670",-0.0464289175209548,-0.0324014336849941,0.00362124010072708,"CHST8"
"ENSBTAG00000055014",0.0483217386347725,-0.0437854114677002,0.0218614466219801,"SH3BGRL2"
"ENSBTAG00000001219",0.0460588076435506,0.00551642398895075,0.086800008501453,NA
"ENSBTAG00000032057",0.00813082773240074,-0.0475864782393228,-0.0419610639270771,NA
"ENSBTAG00000027525",0.00319103017679597,-0.0862063495670264,-0.0123643018124377,"LOC112441545"
"ENSBTAG00000011784",0.0534264372726413,-0.0126630828659136,-0.00633611925403772,"FGR"
"ENSBTAG00000002846",0.0505279046292908,-0.00918188550541805,-0.05151102985974,"TRAF3IP3"
"ENSBTAG00000012888",0.0548496732576357,-0.00477323774879145,-0.025105394591467,"C2H2orf80"
"ENSBTAG00000012519",0.0539609639795659,0.014526800465875,0.000332085563528924,"XDH"
"ENSBTAG00000003367",0.049389540746602,-0.0318273389409027,-0.0147803061886096,NA
"ENSBTAG00000047904",0.043767487380628,0.0217019450739358,0.0108604223883469,"LOC527744"
"ENSBTAG00000008319",-0.0202032735245582,0.0631991517544278,-0.0315033949490194,"DUSP9"
"ENSBTAG00000042711",0.00376932627372686,-0.0885645517925966,-0.0321899072144219,"LOC112444971"
"ENSBTAG00000004693",-0.00169419814969237,-0.0554022031203165,0.0241221982442623,"CCDC60"
"ENSBTAG00000008008",0.0506375198364062,0.00665276403412302,-0.00711413067400269,"TLR2"
"ENSBTAG00000047368",0.0297787500568985,0.00752048795662783,0.0961136911950417,"ZG16B"
"ENSBTAG00000050786",0.0339532348471136,-0.0169249119585216,-0.0749353766898057,"LOC781977"
"ENSBTAG00000004796",0.0435934137813834,0.0191566801856038,0.00284075132272539,"GRP"
"ENSBTAG00000047990",0.0160080633829304,-0.0485012668776684,0.0461598676960277,"LOC783399"
"ENSBTAG00000018843",-0.0427634285309593,-0.0420468838786552,0.0311204566183201,"SERPINA1"
"ENSBTAG00000025385",-0.00357329139366305,-0.0728845521843348,0.0273545976139982,"LOC784762"
"ENSBTAG00000049589",0.0219844888442309,0.0273344267228204,0.0758283329302618,"SAA3"
"ENSBTAG00000052413",0.00718322140782587,0.089770040436899,0.0211594887614304,"GNAS"
"ENSBTAG00000052510",0.0498149356943187,-0.0318537830593474,0.000948906840879395,"CCL26"
"ENSBTAG00000011766",0.0373312002189108,-0.0160295623017833,0.0409959138967289,"C7"
"ENSBTAG00000052260",-0.00974955808409392,0.0844709175826036,0.014284926121888,NA
"ENSBTAG00000009014",-0.0344966180393779,-0.0377308839067252,0.0218110212934009,"UPK1B"
"ENSBTAG00000006505",-0.017330513787064,-0.036318945838494,0.132311574616335,"S100A9"
"ENSBTAG00000015818",0.00806652490614783,-0.0754380786565129,0.039599192968118,"LOC112441463"
"ENSBTAG00000006538",0.0389876494448099,-0.0519481505008228,-0.0179340619072203,"PTHLH"
"ENSBTAG00000047420",0.0474886692770193,0.0201480731871879,0.0159726941039075,"BTNL9"
"ENSBTAG00000024648",-0.0414092921080078,-0.0496086615178351,-0.0198562704639075,"PGR"
"ENSBTAG00000054953",-0.0462699592843222,-0.0219105606395874,-0.00318673448349397,NA
"ENSBTAG00000050091",0.0485079657097369,-0.0240694854374725,-0.0311525940226593,"GCNT4"
"ENSBTAG00000006864",0.0308902616705505,-0.031146931427894,0.0709917692802084,"LOC107131209"
"ENSBTAG00000007948",-0.0348906563561402,-0.0612179062337626,0.00865108080674735,"SORCS1"
"ENSBTAG00000027074",-0.0303854598764217,-0.0670574346463076,-0.0345675346583035,"SV2B"
"ENSBTAG00000003600",-0.0503279601622886,-0.00335962872001132,-0.0315999609488961,"CAPN8"
"ENSBTAG00000025471",0.046024172072644,-0.028353055586682,0.00857107090149843,"TNF"
"ENSBTAG00000048304",0.0168660643880578,0.00139423475971219,0.060442781156498,"LOC615223"
"ENSBTAG00000021518",-0.0302644156247874,-0.07234218506454,-0.00143109597545298,"TMPRSS4"
"ENSBTAG00000015032",0.0468073141300171,0.0339740016428738,0.0108679905193337,"CD14"
"ENSBTAG00000025664",0.0287623646975161,-0.00347568133764083,-0.120762141178881,"RNASE2"
"ENSBTAG00000018882",-0.0312321690669519,-0.00727980600966308,-0.0254445740440376,"BSP5"
"ENSBTAG00000005434",0.0415614464579048,0.0270467977286047,0.0366105605838668,"PLVAP"
"ENSBTAG00000011733",0.0459134526153951,-0.0309575893335072,-0.00876465787251302,"GIPC2"
"ENSBTAG00000024272",0.00844119736553426,-0.00149341985021924,-0.0962934733286439,NA
"ENSBTAG00000007204",-0.0440063238940729,-0.0267755952143658,0.0437888061705306,"KRT80"
"ENSBTAG00000013443",-0.0256202924080288,-0.0707188277724815,0.00668303975358472,"SDR9C7"
"ENSBTAG00000054278",0.0120505118018981,-0.0090102388970087,0.0784817609663138,"M-SAA3.2"
"ENSBTAG00000037768",-0.0179006060224253,-0.0355093580646206,0.0819164543358246,"MMP3"
"ENSBTAG00000019799",0.0419506874746766,0.0148582933194686,-0.0138173162191584,"FCAMR"
"ENSBTAG00000034645",0.00434128614806423,-0.0682126256990264,-0.00173896173542675,"PON3"
"ENSBTAG00000047815",-0.0207133917003391,-0.0425904111395106,0.00791653712127835,"CYP2A13"
"ENSBTAG00000015094",-0.000651926583568394,-0.00389112411401671,0.134090567142755,"VNN1"
"ENSBTAG00000011392",0.0490793687064572,-0.0189165589698817,-0.018020300895708,"MYBPC1"
"ENSBTAG00000017969",-0.00528910356024115,-0.0731641840322119,-0.00387022943081503,"CA4"
"ENSBTAG00000040432",-0.0197304138185578,0.0720804698013319,0.0428456339354757,"CLDN3"
"ENSBTAG00000048655",0.0374637060125489,-0.0507625124112571,-0.00808324183999051,"NT5E"
"ENSBTAG00000022583",-0.0304437234565104,-0.0544149802701846,0.0339476810091104,"SHC4"
"ENSBTAG00000016169",0.0443589868990995,0.010890860427805,0.011640549408508,"ID1"
"ENSBTAG00000024406",0.0463599904471554,-0.0286807668581934,-1.91350028326584e-05,"AGR2"
"ENSBTAG00000047121",0.0255286205204292,0.0189485318615461,0.121169376903068,"LOC100847119"
"ENSBTAG00000015149",-0.00197592107372749,-0.0785067125499373,-0.0284296113262164,NA
"ENSBTAG00000001321",0.0374685861035423,-0.0398185683787599,0.0533696013576911,"IL1B"
"ENSBTAG00000007689",0.0433699905270237,-0.0240626967315306,-0.0171911574510874,"LPIN1"
"ENSBTAG00000030622",0.0430809614547613,-0.0155639780705078,-0.048092910818644,"MANSC4"
"ENSBTAG00000018773",0.0465122748916613,-0.0194730434058099,0.0174468070162211,"RND1"
"ENSBTAG00000005321",-0.0299255884793796,-0.061566237981727,-0.0198761478557638,"CADPS"
"ENSBTAG00000005628",0.0219073884615935,-0.0448571874052427,0.0185738849219987,"CD52"
"ENSBTAG00000053635",0.0195396874885405,0.0018929661816222,0.0880393356481227,"LOC104968484"
"ENSBTAG00000002092",0.0238095003786711,0.00387436915178872,0.119900779316622,"PI16"
"ENSBTAG00000054808",0.0364331212080944,0.00254423913274325,0.0426277589406257,"MT1A"
"ENSBTAG00000010531",-0.038261785667144,-0.01141871964412,0.0257735185385146,"CYP1B1"
"ENSBTAG00000047380",0.00494160415410651,-0.0583963818378356,0.086798317554947,"CALCB"
"ENSBTAG00000052187",-0.00575899761992109,-0.0813266226203301,-0.0432945640999996,NA
"ENSBTAG00000044080",-0.0270258190276494,-0.0675339610364946,-0.00246691713889085,"CPA6"
"ENSBTAG00000003329",-0.0359549363650002,-0.00734709020229706,-0.0148154410984105,"FST"
"ENSBTAG00000016388",0.0477884760659261,0.00442852136250356,0.0117839313939917,"SLCO4A1"
"ENSBTAG00000000831",0.0492597859294085,0.00331089384101949,-0.0119643059753214,"CTNS"
"ENSBTAG00000045746",0.0443935767253546,-0.0327862339122874,-0.020694146999888,NA
"ENSBTAG00000052516",-0.017731982924422,-0.0446634022974471,0.106136989447164,"CDA"
"ENSBTAG00000004555",-0.0270524792141812,0.0486872339868676,-0.0563932418724733,"LRP2"
"ENSBTAG00000017602",-0.0180081853627589,-0.0795752639995223,0.00784927321554267,"TMEM45B"
"ENSBTAG00000023198",0.0306074566849864,-0.0599542762069284,-0.00642099970039097,"SERPINB2"
"ENSBTAG00000010947",0.0367568407561731,-0.0173668734770828,-0.014079668743079,"PHYHIPL"
"ENSBTAG00000039035",0.00761013584767712,-0.0324161713474214,-0.00986774113156361,NA
"ENSBTAG00000020869",-0.0276484650813578,-0.0321989420076007,0.029437356022842,"DDC"
"ENSBTAG00000001823",-0.0392409573925282,-0.0306655325786175,-0.014412639772641,"STC2"
"ENSBTAG00000010841",0.0126253835409933,-0.07389670772335,0.0289537424402536,"FMO5"
"ENSBTAG00000014486",0.0345142830059886,-0.0476203001438098,0.00365284647967396,"ATP12A"
"ENSBTAG00000022278",0.0043238610190447,-0.0742746315398398,-0.00511019840538863,"LOC786430"
"ENSBTAG00000040167",0.000739342061273942,-0.08011861472753,-0.00532018121667658,"LOC614366"
"ENSBTAG00000047138",0.0477980618435009,0.00619941569775897,0.0131355984520545,"AVPR2"
"ENSBTAG00000017305",0.0313095513946431,-0.00759748684199578,0.0956006471989589,NA
"ENSBTAG00000048508",-0.0172371262117394,-0.0673644754784074,0.0410452198854627,"INHBA"
"ENSBTAG00000007434",0.0457262029471653,0.0141451940349356,0.0134965995766298,"CD300LG"
"ENSBTAG00000015441",0.0196149988280989,-0.0485177894786332,0.00250301376875069,"ACTG2"
"ENSBTAG00000021328",-0.0116235665995507,0.0585619698345315,-0.0229504246171853,"SPHKAP"
"ENSBTAG00000018058",0.00891896812538269,0.0649653728633224,0.0318499409830424,NA
"ENSBTAG00000001004",0.0442925962220671,0.00719465325567792,0.0180657388907473,"ESAM"
"ENSBTAG00000050494",-0.00843765517562354,-0.06610973783027,0.0117085501152521,"LOC104972276"
"ENSBTAG00000037811",0.0429211872578166,-0.0101356844304654,0.0140387910620186,"CCL2"
"ENSBTAG00000024219",-0.0249884880719507,-0.0667114838245017,0.0306197528966553,"TRPV6"
"ENSBTAG00000001197",0.0374772764587208,-0.0110976241268811,0.0617054852667179,"SLAMF7"
"ENSBTAG00000045734",0.0110637303048995,0.076191137939569,0.0437475778204971,"LRRC26"
"ENSBTAG00000012491",-0.0158080260172455,-0.0702611818052152,-0.0190025483887659,"LOC100300091"
"ENSBTAG00000021306",-0.0290681132635807,0.0430681304595866,-0.0395714507101561,"CHRDL2"
"ENSBTAG00000040279",0.0454189432004979,-0.0115963639047236,-0.0259619775556075,"KRT24"
"ENSBTAG00000010738",0.0419378734653732,-7.11734816769531e-05,0.0457876866851208,"CCL14"
"ENSBTAG00000016444",0.044563995041496,0.0154744158551188,-0.0127724308301668,"RETREG1"
"ENSBTAG00000010394",-0.0360043869757297,-0.0553286674533859,-0.00314756993214896,"MCF2L2"
"ENSBTAG00000001082",-0.0371483955729235,0.0387054803669763,-0.0113459665948656,"SH2D5"
"ENSBTAG00000047287",0.0433420103469605,0.0102100027901192,-0.0162915993809501,"MTARC1"
"ENSBTAG00000002311",0.0445895420188784,0.0130244905249104,0.0042146196423531,"REEP6"
"ENSBTAG00000021751",0.0319743001157075,-0.0572326263570425,-0.0312662377177619,"RASEF"
"ENSBTAG00000000588",0.0169205203774382,-0.0586202250371165,0.0607987251244399,"CHODL"
"ENSBTAG00000032819",0.0445615219424813,-0.0052093455810251,0.0019315665987463,"MUC20"
"ENSBTAG00000007851",-0.00377149056087438,-0.0607641853746154,0.0638055722117639,"IL24"
"ENSBTAG00000021787",-0.0194954945131513,-0.0656876186104943,0.00605263059441837,"PAQR7"
"ENSBTAG00000018133",0.040684256430614,-0.0301118429867782,-0.0297727897243781,"SEMA3A"
"ENSBTAG00000020647",0.0437101446368273,-0.0136482391685441,-0.00604251836157717,"RASL11B"
"ENSBTAG00000010349",0.0371947768119369,-0.0285033659370608,0.0160211983463163,"IL1A"
"ENSBTAG00000002188",-0.0186654552593827,-0.0694831132113231,0.0029069263284732,"C25H16orf89"
"ENSBTAG00000012164",0.0290062690877651,0.033431590351006,0.0319366050149135,"CP"
"ENSBTAG00000051734",0.0269877900787619,0.0151573422445847,0.112708784546434,NA
"ENSBTAG00000023832",-0.0209350401775529,0.0651728983316612,0.0455252951368334,"ADAM8"
"ENSBTAG00000018347",0.0406760393208049,-0.0118711281057869,-0.0216168920231023,"IL33"
"ENSBTAG00000017071",0.0198844166149026,-0.0545513216446276,0.00106183825413926,"C1QTNF3"
"ENSBTAG00000018223",0.0162666624965823,-0.0231880135143971,0.118153292438374,"CHI3L1"
"ENSBTAG00000020814",0.0345985734709259,0.0305848319485129,0.0376527602877381,"C2CD4B"
"ENSBTAG00000036349",0.04406913729198,-0.0113453017460974,-0.0322869339348843,"CCDC160"
"ENSBTAG00000034154",0.0380846742364522,-0.0321052499040326,0.00626697194869842,"AGMO"
"ENSBTAG00000047062",0.0413458837911993,0.0201790358998399,-0.0148094658655354,"LRP3"
"ENSBTAG00000023563",-0.0144894908182485,-0.0212708670294041,0.0316624625606972,"LOC786065"
"ENSBTAG00000006367",-0.0284423851580108,-0.0324486388703867,0.097679559662938,"CCN2"
"ENSBTAG00000019782",0.000521550113165224,-0.0298457359826688,-0.0438962675991971,"TPI1"
"ENSBTAG00000001043",-0.0231793413298973,-0.0662129576095841,0.000235343879877547,"LUZP2"
"ENSBTAG00000049125",0.0392156798028574,0.0247499600027058,0.0310811643970843,"GPIHBP1"
"ENSBTAG00000031362",0.0427699214130514,-0.023140714244299,0.0115348588161588,NA
"ENSBTAG00000050334",0.0445516609633508,0.0144022239256038,-0.00433834527255644,"CD83"
"ENSBTAG00000038042",0.0168373847927395,-0.0480211850741051,0.0691864860947553,"CXCR2"
"ENSBTAG00000034586",-0.0233546943080787,-0.0541129094674549,0.0176499613136944,"MAL"
"ENSBTAG00000014252",0.043546305718266,-0.0157962955834068,-0.0197039119240464,"SPTLC3"
"ENSBTAG00000012409",-0.00944306196883408,-0.0678913372077383,-0.00645685424588219,"POSTN"
"ENSBTAG00000007375",0.00321850992225917,0.0721278484353273,0.040484048570802,"MIF"
"ENSBTAG00000015711",0.0416127809880484,-0.0231613560726524,0.00706332592281773,"BTG2"
"ENSBTAG00000043975",0.042813609381068,-0.0109108983186695,-0.0058234701398041,"MYCT1"
"ENSBTAG00000022020",0.0369850568782699,0.0293864406319131,0.0175237330190309,"CLDN5"
"ENSBTAG00000030278",0.0273466407242796,0.0485347331227079,0.0138235152513946,"EGFL7"
"ENSBTAG00000015618",-0.0317471200810154,-0.0246824841357306,-0.00648518450751569,"GDF15"
"ENSBTAG00000016121",0.0227803691114991,-0.0409993621579286,0.00673842074500278,"KRT75"
"ENSBTAG00000004356",0.0366823055408951,0.028838676808793,0.0136975721964853,"ROBO4"
"ENSBTAG00000050473",0.0417994915824759,-0.0104214155105662,-0.0305306829903909,"PRR16"
"ENSBTAG00000013103",-0.00868635415007574,-0.0266943303400545,0.0671102985874767,"COL1A1"
"ENSBTAG00000013867",-0.0151542013860032,0.0726310492095109,0.00341879570000271,"DLGAP3"
"ENSBTAG00000003938",-0.0243258212133986,-0.0245061661498801,0.035178655003743,"FNDC1"
"ENSBTAG00000005261",0.0393010505170953,0.00402288931769292,0.0159624698187366,"FCGBP"
"ENSBTAG00000040323",0.0198636587062223,-0.0324414784968543,-0.042863121292294,NA
"ENSBTAG00000050846",0.0305014641995896,0.022358535392352,-0.0135596827672201,"IL32"
"ENSBTAG00000052499",-0.0388881548404727,0.0184379172510241,0.0383689121574396,"RNF39"
"ENSBTAG00000031160",0.0142794641762025,0.0274002963846644,0.117114202177565,NA
"ENSBTAG00000032089",0.0404584671845653,0.0248484110857854,0.0269913832263902,"CDC42EP2"
"ENSBTAG00000010163",0.0396085682045752,0.0235788659965287,-0.0219871026592495,"SCNN1G"
"ENSBTAG00000010273",-0.0231180855066195,-0.0674741350303813,0.00136774108186565,"EREG"
"ENSBTAG00000006694",0.0318821333371603,-0.0464371545601484,0.030290844563567,"CXCL14"
"ENSBTAG00000054476",-0.00787659077169318,0.0546070041907494,0.00182269065867752,NA
"ENSBTAG00000014220",-0.0121805660671109,-0.0708874239283373,-0.0048360833489461,"LOC518526"
"ENSBTAG00000020520",0.0394477220947433,0.0316310611059732,0.00909566727333708,"RASD1"
"ENSBTAG00000051191",-0.0163090402915453,0.0496002236369153,0.00567380118144769,NA
"ENSBTAG00000046803",-0.0167939741890326,0.0695743043062257,0.00932211122649778,"GAS1"
"ENSBTAG00000017167",0.0422254453916347,-0.0194512947078993,-0.0239166928518769,"LRAT"
"ENSBTAG00000010361",0.0411725926004548,0.0195199396731445,0.013976429615046,"DLL4"
"ENSBTAG00000009585",0.0420085778288402,-0.0209093874723735,0.0134158044855224,"CDH16"
"ENSBTAG00000014620",0.0415697370884099,-0.0150369974633302,0.0019606248940113,"FOXI1"
"ENSBTAG00000043991",-0.0421529729929251,-0.00521819488381807,-0.0147459092282597,"SLIT1"
"ENSBTAG00000054933",0.0427660804933408,-0.0109446322655312,-0.010519590944009,NA
"ENSBTAG00000048237",-0.0230547038257832,-0.0668886058071883,-0.0165364194226755,"FGF9"
"ENSBTAG00000021934",0.0406564651777371,-0.0231777485621205,-0.000645538074934791,"RETSAT"
"ENSBTAG00000015582",0.0163454792255694,-0.00915020881895807,0.0633556968737692,"HMOX1"
"ENSBTAG00000009876",0.0267295472598481,-0.0388458761443926,0.0570991110435547,"C4BPA"
"ENSBTAG00000020196",0.0170049267998847,-0.0659182870718636,0.0482652232386315,"ENPP3"
"ENSBTAG00000016296",0.0419476853613575,-0.0152863520178642,0.00851000670186719,"GPD1"
"ENSBTAG00000048712",0.0277857207878459,-0.0197692124235129,0.0180580463693619,"H1-7"
"ENSBTAG00000014921",0.0318791960650107,-0.00631983276895988,0.0129663669847573,"IL6"
"ENSBTAG00000002444",-0.0287484629732445,0.0245920718095724,-0.0300649538389523,"MKI67"
"ENSBTAG00000009125",-0.0313952924531394,-0.0233998899350132,0.0600643140847538,"ALDH1A3"
"ENSBTAG00000005305",0.0307178812722366,-0.0272627255176678,-0.031884627328327,"NTS"
"ENSBTAG00000048980",0.0379870798900624,-0.0209862265841598,0.0270360171117633,"LOC508666"
"ENSBTAG00000016341",0.0365915873222947,-0.022049520006937,-0.00560734564577319,"RGS5"
"ENSBTAG00000019612",0.042301650382766,-0.00875199166183641,0.00758871022220775,"RNASE4"
"ENSBTAG00000006354",-0.0111952014038236,-0.00552750600124433,0.0614250782049155,"HP"
"ENSBTAG00000045822",0.0273836195380096,0.0367141465001594,0.0479570975904261,"C15H11orf96"
"ENSBTAG00000008951",0.0399683844297481,0.00366295916253636,0.0304054496191001,"ALPL"
"ENSBTAG00000018784",0.0376860445728802,0.0321638066457635,0.012028784256075,"CTSZ"
"ENSBTAG00000000111",0.0363961774331442,-0.0345365336975269,-0.0303686681455517,"UGP2"
"ENSBTAG00000048353",0.0383939797082549,0.00879425378437287,0.032176018623986,NA
"ENSBTAG00000004442",0.0416971437898602,0.000854394829601966,-0.00676606743824851,"AGPAT1"
"ENSBTAG00000012285",0.0133091260585457,0.0529129374904775,0.0256318222440054,"ESRRB"
"ENSBTAG00000030521",0.00589900001086766,0.0684775147127517,0.0474608820513321,"IER5L"
"ENSBTAG00000006447",-0.0140663033510647,-0.0672410597571682,-0.0321441647411221,"ACSM3"
"ENSBTAG00000011538",-0.0377736877867307,0.032415904861317,0.00887538792507773,"KIF1A"
"ENSBTAG00000006732",-0.0371504104199505,-0.023089546177476,-0.0111077109908029,"NRCAM"
"ENSBTAG00000011873",-0.0328314888444641,-0.0379117862598944,-0.0110931189173178,"KCNE3"
"ENSBTAG00000038055",-0.000956638480763906,0.0731114956770452,0.0292769715143962,"KLF16"
"ENSBTAG00000047107",0.040325616927695,0.00780983526217982,-0.0105853124244676,"TNIP3"
"ENSBTAG00000003837",-0.0219726361652292,0.055001807248875,-0.0206341613612257,"RSPO1"
"ENSBTAG00000021462",0.0396359826727931,-0.0144633665156887,0.00301354518069618,"CSF3"
"ENSBTAG00000052302",0.0421647538472935,-0.000901951778319095,0.0016263062378313,NA
"ENSBTAG00000040034",-0.0268796806598239,-0.0514913867125481,0.0149114330616726,"LOC507550"
"ENSBTAG00000021609",0.0291613256595173,-0.0432120104159196,0.00200684676153906,"ADGRF1"
"ENSBTAG00000040070",0.0364497941877836,-0.012866798758713,-0.010348134215498,"SCGB1D"
"ENSBTAG00000002110",-0.0119080249216615,-0.0675131562048823,0.027501645647941,"DMGDH"
"ENSBTAG00000021842",-0.0160302086117191,0.0561373369874108,-0.0399751179010243,"FCGR2B"
"ENSBTAG00000006187",0.0230247426595908,-0.0340638922862554,0.0567815905978477,"MFAP4"
"ENSBTAG00000010991",0.0277735800286533,0.025218920570576,0.082072299173967,"TTR"
"ENSBTAG00000009844",-0.0347856436541166,-0.017915428676119,0.0605974790386186,"CCN1"
"ENSBTAG00000004556",0.0390874754086196,-0.0149656400663421,0.00913782433081572,"SLC2A3"
"ENSBTAG00000025210",0.0188656223258001,0.0484505387752505,0.0313560847269849,"COL4A2"
"ENSBTAG00000025257",0.0358765505382261,-0.0101073843525063,0.0673759725430193,"CCL4"
"ENSBTAG00000006234",0.0390921874177143,-0.002023225323222,0.00184964373806589,"NPR1"
"ENSBTAG00000006567",0.0390691521401401,0.017014222511376,0.0085791355775729,"VIPR1"
"ENSBTAG00000018134",-0.0194378511042683,-0.0617486469959692,0.0231934716652361,"AREG"
"ENSBTAG00000051079",0.00648435853870825,-0.0683583075563311,0.00337608330882336,"TMSB4"
"ENSBTAG00000034185",0.00100850897083599,-0.0668271380066122,-0.0338500128383586,"LOC788609"
"ENSBTAG00000001725",0.0309609645457934,-0.00498879705998167,-0.0268234258740446,"CXCL10"
"ENSBTAG00000025531",0.0316300886577272,-8.58122382409946e-05,0.0201816284646162,"PSORS1C2"
"ENSBTAG00000020263",0.0409928212765658,0.000412680280523152,-0.00768234941281521,"TIMP4"
"ENSBTAG00000023309",0.00686537316452527,-0.0146941600518403,0.0300001155650756,"LOC100337390"
"ENSBTAG00000016166",-0.0339089827243343,-0.0233166014277964,0.0036495559960961,"LOC507184"
"ENSBTAG00000008931",0.038754214724588,-0.0232712217369603,0.0112604790876269,"CREG1"
"ENSBTAG00000012931",0.00930707210966109,-0.0559384043466608,-0.0352426874679629,"PLN"
"ENSBTAG00000021326",0.031522948350444,-0.0371631847462782,0.00254503503591631,"CCL20"
"ENSBTAG00000001745",0.0183082455621236,-0.0305799105227165,-0.00720035305427309,"LUM"
"ENSBTAG00000002631",0.0409837542629369,0.00984826548412297,0.00224204182329447,"SCNN1A"
"ENSBTAG00000025130",0.00615161799380608,0.0695090401753868,0.00901707792106738,"HIC1"
"ENSBTAG00000044010",0.0184339074977802,0.00456889459028446,0.0314780097129826,NA
"ENSBTAG00000050955",0.0107409126930105,-0.0220324202727464,0.0257055196448206,NA
"ENSBTAG00000021211",0.0115751860285927,-0.0393480467652919,0.0365335554642527,"DPT"
"ENSBTAG00000016776",-0.00584060102229412,0.0715662162676643,0.0113463889793388,"BAHCC1"
"ENSBTAG00000031767",0.0356787777877862,-0.0379413459700179,-0.0171312082734465,NA
"ENSBTAG00000000279",0.0409650171088584,-0.0174781092611902,-0.000872785609694704,"RAB26"
"ENSBTAG00000001852",0.0401617915435763,-0.00178110893598052,0.00996155422203939,"BREH1"
"ENSBTAG00000047088",0.0124363339607667,-0.0314143631759801,0.0510929399312413,NA
"ENSBTAG00000006383",0.00447630117428105,-0.0450445080144117,-0.0453864323351037,NA
"ENSBTAG00000007424",0.0384288841688963,0.00847843848356615,0.038238192271202,"LIF"
"ENSBTAG00000014322",0.024363417885429,-0.0450240790534163,-0.0328586416587692,"FAM234B"
"ENSBTAG00000016116",0.00342512495793485,-0.0640564572648955,0.0108041781060701,NA
"ENSBTAG00000007530",-0.0246225405319084,-0.026487901070195,-0.00998777618041356,"TRIM10"
"ENSBTAG00000026909",-0.00134087960422878,-0.0635917688536209,-0.0334420197600261,NA
"ENSBTAG00000046943",-0.0269639273739932,-0.0520711415879971,0.00806298519478686,"OCM"
"ENSBTAG00000020620",-0.0160777104465075,-0.0640820020286281,0.00771381857819994,"RGS2"
"ENSBTAG00000017280",0.036257701070681,-0.0189412877249789,0.0404491603268942,"C3"
"ENSBTAG00000011847",0.0183796203137966,-0.0335590194713733,-0.0238696811150224,"ASPN"
"ENSBTAG00000037937",0.0305171385201812,0.00904415405072813,-0.034361633672744,"LOC101903126"
"ENSBTAG00000009987",-0.0279685502652992,-0.0475052863390295,-0.00596701648337278,"ITGB3"
"ENSBTAG00000018158",-0.0371329534675298,-0.00365888979081377,0.0466145222876703,"TMEM139"
"ENSBTAG00000012002",0.0100275327608698,0.0678450279175237,0.0221584618716134,"BCAR1"
"ENSBTAG00000017943",-0.0344367882284275,-0.0281639554902223,-0.0203106962339584,"GALNT6"
"ENSBTAG00000048916",0.0349073406380705,-0.00647266664073125,-0.0119544958925952,"LIPG"
"ENSBTAG00000013472",-0.00504318962288809,-0.0347121379300807,0.0388559938111023,"COL1A2"
"ENSBTAG00000015980",0.0353333604406908,0.00261684229407959,-0.0229683530942486,"FASN"
"ENSBTAG00000048268",0.0283678772781056,0.00440654502573499,0.0832077913371647,"LOC100300716"
"ENSBTAG00000023600",0.0310620921317883,-0.0181649404819746,0.0211447874019881,"APOD"
"ENSBTAG00000007666",-0.0324069720481833,-0.0333437055972571,-0.0129077141869278,"IGF2BP2"
"ENSBTAG00000039571",-0.0390697909678145,-0.0205277698087079,-0.012413120239245,"PROSER2"
"ENSBTAG00000014758",-0.0136320657009057,0.0420687067092346,-0.0590251681972253,"WIF1"
"ENSBTAG00000021102",0.0372747720729405,0.0171758072136,-0.0249603220251878,"GALM"
"ENSBTAG00000013662",0.0121717938137438,-0.0414138550796093,0.0290836587384354,"COL8A1"
"ENSBTAG00000006894",0.020225646885666,-0.0345214307819505,0.066955270749527,"NOS2"
"ENSBTAG00000007348",-0.0309564191417102,0.000319741112595647,0.0258902204793824,"STRA6"
"ENSBTAG00000014113",0.033662151160631,0.0220311427850098,0.00335449084415787,"CCL8"
"ENSBTAG00000015724",-0.0181542161103327,-0.00592192356863708,0.00463164931205584,"BPIFB1"
"ENSBTAG00000026779",0.0247120826074995,-0.00650445134746612,-0.0115766448622633,"LYZ"
"ENSBTAG00000003668",0.0026990615624409,-0.0483507201052057,-0.034603817927853,"RADX"
"ENSBTAG00000048122",0.0350445182819569,0.0217566053605004,0.0460653949301133,"CFD"
"ENSBTAG00000046076",0.0263200411079397,0.0102888351491904,0.0682457651727441,NA
"ENSBTAG00000012265",0.0325460223387938,0.002455520974706,0.0333457139014868,"VWF"
"ENSBTAG00000011731",-0.00970546457847932,0.0443849707621518,0.0115730794220529,"PNMT"
"ENSBTAG00000009051",0.00208554058253265,0.03168723893088,0.0464526904905579,"MMP19"
"ENSBTAG00000021048",0.0346160696673089,-0.0203052867781291,0.036480986976096,"ADM"
"ENSBTAG00000025250",0.0334432444143116,-0.0141415882941999,0.0727512249866457,"CCL3"
"ENSBTAG00000031769",0.0352596651075306,-0.0303395921572016,-0.0204784372393576,"H2BC8"
"ENSBTAG00000004063",-0.0252958147598671,-0.0318504935449215,0.0175315747413875,"SERPINA5"
"ENSBTAG00000013007",0.0203966600105375,-0.0551951797882842,0.0359764297716346,"FAM210B"
"ENSBTAG00000033835",-0.017280465110638,-0.0259381992894305,-0.0356843296425732,"MPZ"
"ENSBTAG00000015940",0.0202288306409968,-0.0384791157364461,0.0233893886851273,"SCGB2A2"
"ENSBTAG00000009783",-0.00708698763907913,0.0701234153465034,0.0179408561013001,NA
"ENSBTAG00000051898",0.000417613049909828,-0.0118896538550913,-0.0128888171199562,"FGF7"
"ENSBTAG00000048591",0.0292670161497472,0.0408670438022021,0.0144122092780663,NA
"ENSBTAG00000052504",0.0126803073497135,0.0550355901425475,0.034351306466773,"KLF2"
"ENSBTAG00000046010",0.0379516403082537,0.0111552825654254,0.0067793189672081,"BHLHA15"
"ENSBTAG00000001303",-0.0224860746772858,-0.0464929404568851,0.0262825390543792,"HSPB8"
"ENSBTAG00000005776",-0.00209278489273463,0.0602600463172406,-0.0343494078224776,"ZNF185"
"ENSBTAG00000001406",0.0116729965830952,0.0185310533943668,0.0717484928399628,"MAB21L3"
"ENSBTAG00000048730",0.0254774464955729,-0.0138219949450597,0.0276213467688567,NA
"ENSBTAG00000051116",-0.0370798406248456,0.0242468617822254,0.0240444339286761,"C23H6orf132"
"ENSBTAG00000019798",0.0257547181019835,0.0239058338878807,0.0102606403634877,"PIGR"
"ENSBTAG00000046944",-0.00422292334514811,0.0433478625641735,0.086632410202713,NA
"ENSBTAG00000037404",-0.0131956903616891,0.0666996569247856,0.0150939344004676,"LRFN4"
"ENSBTAG00000013974",-0.0291767767266443,-0.0417497257239877,0.00286808976798307,"TMEM215"
"ENSBTAG00000018016",0.0371231247303384,0.0108322970415196,0.00539304513900103,"NUPR1"
"ENSBTAG00000004344",0.0381339568368821,-0.0113848687082229,-0.00269298689070115,"ACSL1"
"ENSBTAG00000032183",0.0207102555937508,-0.0538138654962445,-0.00799575302654612,"NELL2"
"ENSBTAG00000030845",0.0342510749088225,0.014748871004962,0.058843623304079,"MPEG1"
"ENSBTAG00000010069",0.0282426815273499,-0.0291843634782067,0.0240432475850228,"EGR1"
"ENSBTAG00000011839",0.0277137029978901,-0.0401312079129661,-0.0278762450703704,"HMGCS1"
"ENSBTAG00000000177",-0.0191425034099867,-0.0576437016945039,-0.0013903393907971,"MSLN"
"ENSBTAG00000008942",-0.0350787663818632,0.0314255178031143,0.00415316950924575,"NGEF"
"ENSBTAG00000011097",0.000976378351858589,-0.0118615323692031,0.034055731058141,"DYNLT5"
"ENSBTAG00000037933",0.0327972207344668,-0.032323669872559,0.0207352404592511,NA
"ENSBTAG00000010858",-0.000829418136453274,-0.00412243394081281,0.119057623057397,"ABCC11"
"ENSBTAG00000004817",0.00397880244988845,-0.0675517625273004,-0.00943210785428738,NA
"ENSBTAG00000054546",-0.0100410137389151,0.0436275382846964,-0.00584536549742984,NA
"ENSBTAG00000048331",0.0362212308601161,-0.023978058518393,-0.0231820880948819,"LOC513508"
"ENSBTAG00000054700",0.0302415700572569,-0.0331464945583797,0.00966728086538461,NA
"ENSBTAG00000054577",0.00456764134132191,-0.0501695485454462,-0.00451203068236679,NA
"ENSBTAG00000048030",0.0328479482541792,-0.000349483614211789,0.0617484252049893,NA
"ENSBTAG00000011034",0.0201927024514691,0.0261162528149996,-0.00100794242668185,"ANGPT2"
"ENSBTAG00000001514",0.0348333625577736,-0.0220055308085775,-0.000480997023332355,"ASB11"
"ENSBTAG00000054072",0.0293612722315414,0.0221286142955177,0.00851045861190852,"ADM2"
"ENSBTAG00000003887",0.0336034333969182,0.011968593091314,-0.0374293149650677,"ECHDC1"
"ENSBTAG00000050392",0.0204676947758131,-0.0543613395633602,-0.00953689499871811,"FAM171B"
"ENSBTAG00000033197",0.0257739510896026,-0.0435060767880155,-0.0352696247388936,"EPDR1"
"ENSBTAG00000007090",0.0329209930871463,-0.0103443606657278,0.0515316286772921,"MYH2"
"ENSBTAG00000005984",-0.0361357913513571,0.0152888220736646,-0.00614401478494226,"DAAM1"
"ENSBTAG00000049773",-0.00347535449756809,-0.0665462345900376,-0.0345880972231423,NA
"ENSBTAG00000012866",0.00051665732627082,-0.0215378761375403,0.0106122897054916,"THBS4"
"ENSBTAG00000004347",0.0332524293642383,0.0193443597411722,0.000630145539222889,"ADGRF5"
"ENSBTAG00000016857",0.0144309122188405,0.037943488136117,0.0294413598527552,"ADAMTS15"
"ENSBTAG00000046111",0.000226983355532548,0.0687417716363798,0.0272630137529103,"ZNF444"
"ENSBTAG00000024449",-0.0225256801298557,-0.0184812406522086,-0.0489124819969367,"CENPF"
"ENSBTAG00000021408",-0.027217552933,-0.0373898927665178,-0.00385893535432798,"FMO1"
"ENSBTAG00000019975",0.0286995075079535,-0.00581512820589541,0.0298711641041962,"IL7R"
"ENSBTAG00000014075",-0.017212899496706,-0.0463847726508156,0.0137503729431985,"ITIH2"
"ENSBTAG00000001136",0.00372958496139015,-0.0571047928556485,-0.00486406563844406,NA
"ENSBTAG00000018331",0.0339346647165267,0.0211041487474336,0.0183736985056939,"CLEC3B"
"ENSBTAG00000018253",0.0362321055726676,-0.0045776667039806,0.0360545366281083,"CHRNA1"
"ENSBTAG00000020755",0.0309685429031064,0.00382582891384887,0.00553615852553454,"SELP"
"ENSBTAG00000053807",0.0346718367049103,0.0102521969998819,0.0269308843392314,"OAS1X"
"ENSBTAG00000005715",0.00472912799617083,-0.00452682133917413,0.048370677326074,"FUOM"
"ENSBTAG00000001517",-0.0340048798270411,0.00492319451315475,0.0142990486600491,"KRT18"
"ENSBTAG00000012940",0.0346939623316043,-0.0249491106480405,0.0303979170947609,"TMEM25"
"ENSBTAG00000011985",-0.00446136028912329,-0.0081721616941701,0.00620819741278329,NA
"ENSBTAG00000007626",0.0335530924222715,0.0256422994788055,0.0375526126474581,"IL2RG"
"ENSBTAG00000005250",0.0143741774693123,-0.0449075638990625,0.0430330106290584,"BGN"
"ENSBTAG00000017390",0.0253054947404766,-0.0329419987162061,0.0334814059366674,"LGI2"
"ENSBTAG00000010620",-0.0201067810848375,-0.0501780531075805,0.0465998338083415,"ATP6V1B1"
"ENSBTAG00000048743",0.0331833721941446,-0.0359808266011054,-0.0125982424559331,"H2AC8"
"ENSBTAG00000046391",0.0374431701373004,-0.0151405285164016,-0.0154987343622475,"GRAMD2A"
"ENSBTAG00000008182",0.0213147123583942,-0.029094672083816,0.0232783292399772,"FOSB"
"ENSBTAG00000013831",-0.0162904443921627,-0.0496084784732605,-0.0185477038442186,"DSG1"
"ENSBTAG00000013928",-0.0160845666090666,-0.00423070146156878,0.0605787051657282,"WFDC2"
"ENSBTAG00000038962",-0.0318224012949092,-0.0270729838201191,-0.0153561996448573,"SLC6A11"
"ENSBTAG00000019018",0.00597748949768426,-0.0172993718039233,0.0414849712081987,"LOC112441484"
"ENSBTAG00000001060",0.0340138469358779,-0.00694279734433964,0.0560885016053252,"CXCR4"
"ENSBTAG00000015113",0.0278584657788388,0.0375930368974048,0.00731146028832178,"CITED4"
"ENSBTAG00000015988",0.0287144774847612,-0.0350263950529994,0.0170755579441604,"MYH11"
"ENSBTAG00000019960",0.0310804373018404,0.03608951263076,-0.00446199862206656,"TM4SF18"
